tx_rf_gain,tx_if_gain,rx_rf_gain,ber,ber_pct,erros,bits,ic_inf,ic_sup,blocos_medidos,blocos_slip,blocos_perdidos,blocos_total,status
0.0,0.0,0.0,,,,,,,,,,,Nenhum bloco encontrado no recebido (ruído alto demais ou sem sinal).
0.0,0.0,8.7,0.5052,50.519999999999996,4139,8192,0.494,0.516,1,19,2028,2048,mais de 10% dos blocos não medidos
0.0,0.0,19.7,0.0,0.0,0,16777216,0.0,2.29e-07,2048,0,0,2048,ok
0.0,0.0,29.7,0.0,0.0,0,16777216,0.0,2.29e-07,2048,0,0,2048,ok
0.0,0.0,40.2,0.0,0.0,0,16777216,0.0,2.29e-07,2048,0,0,2048,ok
0.0,0.0,49.6,0.0,0.0,0,16777216,0.0,2.29e-07,2048,0,0,2048,ok
0.0,10.0,0.0,,,,,,,,,,,Nenhum bloco encontrado no recebido (ruído alto demais ou sem sinal).
0.0,10.0,8.7,,,,,,,,,,,Nenhum bloco encontrado no recebido (ruído alto demais ou sem sinal).
0.0,10.0,19.7,0.02754,2.754,72183,2621440,0.0273,0.0277,320,534,1194,2048,mais de 10% dos blocos não medidos
0.0,10.0,29.7,0.0,0.0,0,16777216,0.0,2.29e-07,2048,0,0,2048,ok
0.0,10.0,40.2,0.0,0.0,0,16777216,0.0,2.29e-07,2048,0,0,2048,ok
0.0,10.0,49.6,0.0,0.0,0,16777216,0.0,2.29e-07,2048,0,0,2048,ok
0.0,20.0,0.0,,,,,,,,,,,Nenhum bloco encontrado no recebido (ruído alto demais ou sem sinal).
0.0,20.0,8.7,0.4951,49.51,4056,8192,0.484,0.506,1,18,2029,2048,mais de 10% dos blocos não medidos
0.0,20.0,19.7,0.0,0.0,0,16769024,0.0,2.29e-07,2047,1,0,2048,ok
0.0,20.0,29.7,0.0,0.0,0,16777216,0.0,2.29e-07,2048,0,0,2048,ok
0.0,20.0,40.2,,,,,,,,,,,Nenhum bloco encontrado no recebido (ruído alto demais ou sem sinal).
0.0,20.0,49.6,0.0,0.0,0,16777216,0.0,2.29e-07,2048,0,0,2048,ok
0.0,30.0,0.0,,,,,,,,,,,Nenhum bloco encontrado no recebido (ruído alto demais ou sem sinal).
0.0,30.0,8.7,0.0,0.0,0,16777216,0.0,2.29e-07,2048,0,0,2048,ok
0.0,30.0,19.7,0.0,0.0,0,16777216,0.0,2.29e-07,2048,0,0,2048,ok
0.0,30.0,29.7,0.0,0.0,0,16777216,0.0,2.29e-07,2048,0,0,2048,ok
0.0,30.0,40.2,0.0,0.0,0,16777216,0.0,2.29e-07,2048,0,0,2048,ok
0.0,30.0,49.6,0.0,0.0,0,16777216,0.0,2.29e-07,2048,0,0,2048,ok
0.0,40.0,0.0,1.574e-05,0.0015739999999999999,264,16769024,1.4e-05,1.78e-05,2047,1,0,2048,ok
0.0,40.0,8.7,0.0,0.0,0,16777216,0.0,2.29e-07,2048,0,0,2048,ok
0.0,40.0,19.7,0.0,0.0,0,16777216,0.0,2.29e-07,2048,0,0,2048,ok
0.0,40.0,29.7,0.0,0.0,0,16777216,0.0,2.29e-07,2048,0,0,2048,ok
0.0,40.0,40.2,0.0,0.0,0,16777216,0.0,2.29e-07,2048,0,0,2048,ok
0.0,40.0,49.6,0.0,0.0,0,16777216,0.0,2.29e-07,2048,0,0,2048,ok
0.0,50.0,0.0,0.0,0.0,0,16777216,0.0,2.29e-07,2048,0,0,2048,ok
0.0,50.0,8.7,0.0,0.0,0,16777216,0.0,2.29e-07,2048,0,0,2048,ok
0.0,50.0,19.7,0.0,0.0,0,16777216,0.0,2.29e-07,2048,0,0,2048,ok
0.0,50.0,29.7,0.0,0.0,0,16777216,0.0,2.29e-07,2048,0,0,2048,ok
0.0,50.0,40.2,0.0,0.0,0,16777216,0.0,2.29e-07,2048,0,0,2048,ok
0.0,50.0,49.6,0.0,0.0,0,16777216,0.0,2.29e-07,2048,0,0,2048,ok
30.0,0.0,0.0,0.4989,49.89,4087,8192,0.488,0.51,1,60,1987,2048,mais de 10% dos blocos não medidos
30.0,0.0,8.7,0.0,0.0,0,16769024,0.0,2.29e-07,2047,1,0,2048,ok
30.0,0.0,19.7,0.0,0.0,0,16777216,0.0,2.29e-07,2048,0,0,2048,ok
30.0,0.0,29.7,9.824e-05,0.009824,1620,16490496,9.36e-05,0.000103,2013,11,24,2048,ok
30.0,0.0,40.2,0.0,0.0,0,16777216,0.0,2.29e-07,2048,0,0,2048,ok
30.0,0.0,49.6,0.0,0.0,0,16777216,0.0,2.29e-07,2048,0,0,2048,ok
30.0,10.0,0.0,,,,,,,,,,,Nenhum bloco encontrado no recebido (ruído alto demais ou sem sinal).
30.0,10.0,8.7,0.004859,0.48589999999999994,34590,7118848,0.00481,0.00491,869,123,1056,2048,mais de 10% dos blocos não medidos
30.0,10.0,19.7,9.091e-06,0.0009091,152,16719872,7.76e-06,1.07e-05,2041,7,0,2048,ok
30.0,10.0,29.7,3.723e-06,0.0003723,62,16654336,2.9e-06,4.77e-06,2033,8,7,2048,poucos erros (62)
30.0,10.0,40.2,0.0,0.0,0,16777216,0.0,2.29e-07,2048,0,0,2048,ok
30.0,10.0,49.6,0.0,0.0,0,16777216,0.0,2.29e-07,2048,0,0,2048,ok
30.0,20.0,0.0,,,,,,,,,,,Nenhum bloco encontrado no recebido (ruído alto demais ou sem sinal).
30.0,20.0,8.7,0.003106,0.3106,22796,7340032,0.00307,0.00315,896,151,1001,2048,mais de 10% dos blocos não medidos
30.0,20.0,19.7,0.0,0.0,0,16719872,0.0,2.3e-07,2041,2,5,2048,ok
30.0,20.0,29.7,0.0,0.0,0,16777216,0.0,2.29e-07,2048,0,0,2048,ok
30.0,20.0,40.2,0.0,0.0,0,16777216,0.0,2.29e-07,2048,0,0,2048,ok
30.0,20.0,49.6,0.0,0.0,0,16777216,0.0,2.29e-07,2048,0,0,2048,ok
30.0,30.0,0.0,0.0,0.0,0,16760832,0.0,2.29e-07,2046,1,1,2048,ok
30.0,30.0,8.7,0.0,0.0,0,16752640,0.0,2.29e-07,2045,2,1,2048,ok
30.0,30.0,19.7,0.0,0.0,0,16760832,0.0,2.29e-07,2046,1,1,2048,ok
30.0,30.0,29.7,0.0,0.0,0,16777216,0.0,2.29e-07,2048,0,0,2048,ok
30.0,30.0,40.2,0.0,0.0,0,16777216,0.0,2.29e-07,2048,0,0,2048,ok
30.0,30.0,49.6,0.0,0.0,0,16769024,0.0,2.29e-07,2047,1,0,2048,ok
30.0,40.0,0.0,,,,,,,,,,,Nenhum bloco encontrado no recebido (ruído alto demais ou sem sinal).
30.0,40.0,8.7,0.0,0.0,0,16777216,0.0,2.29e-07,2048,0,0,2048,ok
30.0,40.0,19.7,0.0,0.0,0,16777216,0.0,2.29e-07,2048,0,0,2048,ok
30.0,40.0,29.7,0.0,0.0,0,16777216,0.0,2.29e-07,2048,0,0,2048,ok
30.0,40.0,40.2,,,,,,,,,,,Nenhum bloco encontrado no recebido (ruído alto demais ou sem sinal).
30.0,40.0,49.6,0.0,0.0,0,16777216,0.0,2.29e-07,2048,0,0,2048,ok
30.0,50.0,0.0,,,,,,,,,,,Nenhum bloco encontrado no recebido (ruído alto demais ou sem sinal).
30.0,50.0,8.7,0.0,0.0,0,16777216,0.0,2.29e-07,2048,0,0,2048,ok
30.0,50.0,19.7,0.0,0.0,0,16777216,0.0,2.29e-07,2048,0,0,2048,ok
30.0,50.0,29.7,1.282e-05,0.001282,215,16769024,1.12e-05,1.47e-05,2047,1,0,2048,ok
30.0,50.0,40.2,0.0,0.0,0,16777216,0.0,2.29e-07,2048,0,0,2048,ok
30.0,50.0,49.6,0.0,0.0,0,16777216,0.0,2.29e-07,2048,0,0,2048,ok
