noise_voltage,freq_offset,epsilon,ber,ber_pct,erros,bits,ic_inf,ic_sup,blocos_medidos,blocos_slip,blocos_perdidos,blocos_total,status
1.0,0.0,1.0,0.0,0.0,0,16777216,0.0,2.29e-07,2048,0,0,2048,poucos erros (0)
1.1,0.0,1.0,0.0,0.0,0,16777216,0.0,2.29e-07,2048,0,0,2048,poucos erros (0)
1.2,0.0,1.0,0.0,0.0,0,16777216,0.0,2.29e-07,2048,0,0,2048,poucos erros (0)
1.3,0.0,1.0,0.0,0.0,0,16777216,0.0,2.29e-07,2048,0,0,2048,poucos erros (0)
1.4,0.0,1.0,0.0,0.0,0,16777216,0.0,2.29e-07,2048,0,0,2048,poucos erros (0)
1.5,0.0,1.0,6.819e-05,0.0068189999999999995,1144,16777216,6.43e-05,7.23e-05,2048,0,0,2048,ok
1.6,0.0,1.0,0.0003886,0.03886,6519,16777216,0.000379,0.000398,2048,0,0,2048,ok
1.7,0.0,1.0,0.001538,0.15380000000000002,25796,16769024,0.00152,0.00156,2047,1,0,2048,ok
1.8,0.0,1.0,0.004763,0.4763,79634,16719872,0.00473,0.0048,2041,4,3,2048,ok
1.9,0.0,1.0,0.01363,1.363,226415,16613376,0.0136,0.0137,2028,9,11,2048,ok
2.0,0.0,1.0,0.03117,3.117,511232,16400384,0.0311,0.0313,2002,24,22,2048,ok
2.1,0.0,1.0,0.06237,6.237,970720,15564800,0.0622,0.0625,1900,65,83,2048,ok
2.2,0.0,1.0,0.1093,10.93,1387746,12697600,0.109,0.109,1550,111,387,2048,mais de 10% dos blocos não medidos
2.3,0.0,1.0,0.1683,16.830000000000002,1387957,8249344,0.168,0.169,1007,206,835,2048,mais de 10% dos blocos não medidos
2.4,0.0,1.0,0.2375,23.75,968894,4079616,0.237,0.238,498,216,1334,2048,mais de 10% dos blocos não medidos
2.5,0.0,1.0,0.3044,30.44,261852,860160,0.303,0.305,105,107,1836,2048,mais de 10% dos blocos não medidos
2.6,0.0,1.0,0.3886,38.86,28654,73728,0.385,0.392,9,68,1971,2048,mais de 10% dos blocos não medidos
2.7,0.0,1.0,0.4148,41.48,16989,40960,0.41,0.42,5,22,2021,2048,mais de 10% dos blocos não medidos
2.8,0.0,1.0,0.4659,46.589999999999996,7633,16384,0.458,0.474,2,7,2039,2048,mais de 10% dos blocos não medidos
2.9,0.0,1.0,0.495,49.5,4055,8192,0.484,0.506,1,0,2047,2048,mais de 10% dos blocos não medidos
3.0,0.0,1.0,0.4908,49.08,4021,8192,0.48,0.502,1,0,2047,2048,mais de 10% dos blocos não medidos
