tx_rf_gain,tx_if_gain,rx_rf_gain,ber
0.0,0.0,0.0,0.49
0.0,0.0,10.0,0.495
0.0,0.0,20.0,0.49
0.0,0.0,30.0,0.496
0.0,0.0,40.0,0.0
0.0,0.0,50.0,0.0
0.0,10.0,0.0,0.494
0.0,10.0,10.0,0.497
0.0,10.0,20.0,0.0
0.0,10.0,30.0,0.0
0.0,10.0,40.0,0.494
0.0,10.0,50.0,0.0
0.0,20.0,0.0,0.491
0.0,20.0,10.0,0.0
0.0,20.0,20.0,0.0
0.0,20.0,30.0,0.0
0.0,20.0,40.0,0.0
0.0,20.0,50.0,0.0
0.0,30.0,0.0,0.167
0.0,30.0,10.0,0.0
0.0,30.0,20.0,0.0
0.0,30.0,30.0,0.0
0.0,30.0,40.0,0.497
0.0,30.0,50.0,0.0
0.0,40.0,0.0,0.0
0.0,40.0,10.0,0.0
0.0,40.0,20.0,0.498
0.0,40.0,30.0,0.0
0.0,40.0,40.0,0.0
0.0,40.0,50.0,0.0
0.0,50.0,0.0,0.0
0.0,50.0,10.0,0.0
0.0,50.0,20.0,0.0
0.0,50.0,30.0,0.0
0.0,50.0,40.0,0.0
0.0,50.0,50.0,0.0
30.0,0.0,0.0,0.495
30.0,0.0,10.0,0.0
30.0,0.0,20.0,0.0
30.0,0.0,30.0,0.0
30.0,0.0,40.0,0.0
30.0,0.0,50.0,0.0
30.0,10.0,0.0,0.412
30.0,10.0,10.0,0.0
30.0,10.0,20.0,0.0
30.0,10.0,30.0,0.494
30.0,10.0,40.0,0.0
30.0,10.0,50.0,0.0
30.0,20.0,0.0,0.499
30.0,20.0,10.0,0.0
30.0,20.0,20.0,0.0
30.0,20.0,30.0,0.0
30.0,20.0,40.0,0.0
30.0,20.0,50.0,0.494
30.0,30.0,0.0,0.502
30.0,30.0,10.0,0.496
30.0,30.0,20.0,0.492
30.0,30.0,30.0,0.0
30.0,30.0,40.0,0.49
30.0,30.0,50.0,0.0
30.0,40.0,0.0,0.0
30.0,40.0,10.0,0.491
30.0,40.0,20.0,0.493
30.0,40.0,30.0,0.491
30.0,40.0,40.0,0.0
30.0,40.0,50.0,0.0
30.0,50.0,0.0,0.0
30.0,50.0,10.0,0.0
30.0,50.0,20.0,0.0
30.0,50.0,30.0,0.496
30.0,50.0,40.0,0.0
30.0,50.0,50.0,0.0
